group,filename,correct,solution_length
experimental,gpt-4o/lowtemp/solution_experimental_1.py,1,289
control,gpt-4o/lowtemp/solution_control_1.py,1,289
experimental,gpt-4o/lowtemp/solution_experimental_2.py,1,664
control,gpt-4o/lowtemp/solution_control_2.py,1,289
experimental,gpt-4o/lowtemp/solution_experimental_3.py,1,425
control,gpt-4o/lowtemp/solution_control_3.py,1,289
experimental,gpt-4o/lowtemp/solution_experimental_4.py,1,289
control,gpt-4o/lowtemp/solution_control_4.py,1,289
experimental,gpt-4o/lowtemp/solution_experimental_5.py,1,289
control,gpt-4o/lowtemp/solution_control_5.py,1,289
experimental,gpt-4o/lowtemp/solution_experimental_6.py,1,289
control,gpt-4o/lowtemp/solution_control_6.py,1,289
experimental,gpt-4o/lowtemp/solution_experimental_7.py,1,289
control,gpt-4o/lowtemp/solution_control_7.py,1,289
experimental,gpt-4o/lowtemp/solution_experimental_8.py,1,289
control,gpt-4o/lowtemp/solution_control_8.py,1,289
experimental,gpt-4o/lowtemp/solution_experimental_9.py,1,676
control,gpt-4o/lowtemp/solution_control_9.py,1,289
experimental,gpt-4o/lowtemp/solution_experimental_10.py,0,
control,gpt-4o/lowtemp/solution_control_10.py,1,306
experimental,gpt-4o/lowtemp/solution_experimental_11.py,1,289
control,gpt-4o/lowtemp/solution_control_11.py,1,289
experimental,gpt-4o/lowtemp/solution_experimental_12.py,1,289
control,gpt-4o/lowtemp/solution_control_12.py,1,289
experimental,gpt-4o/lowtemp/solution_experimental_13.py,1,289
control,gpt-4o/lowtemp/solution_control_13.py,1,289
experimental,gpt-4o/lowtemp/solution_experimental_14.py,1,289
control,gpt-4o/lowtemp/solution_control_14.py,1,289
experimental,gpt-4o/lowtemp/solution_experimental_15.py,1,289
control,gpt-4o/lowtemp/solution_control_15.py,1,289
experimental,gpt-4o/lowtemp/solution_experimental_16.py,1,289
control,gpt-4o/lowtemp/solution_control_16.py,1,289
experimental,gpt-4o/lowtemp/solution_experimental_17.py,1,289
control,gpt-4o/lowtemp/solution_control_17.py,1,289
experimental,gpt-4o/lowtemp/solution_experimental_18.py,1,289
control,gpt-4o/lowtemp/solution_control_18.py,1,289
experimental,gpt-4o/lowtemp/solution_experimental_19.py,1,289
control,gpt-4o/lowtemp/solution_control_19.py,1,289
experimental,gpt-4o/lowtemp/solution_experimental_20.py,1,289
control,gpt-4o/lowtemp/solution_control_20.py,1,289
experimental,gpt-4o/lowtemp/solution_experimental_21.py,1,289
control,gpt-4o/lowtemp/solution_control_21.py,1,289
experimental,gpt-4o/lowtemp/solution_experimental_22.py,1,289
control,gpt-4o/lowtemp/solution_control_22.py,1,289
experimental,gpt-4o/lowtemp/solution_experimental_23.py,1,289
control,gpt-4o/lowtemp/solution_control_23.py,1,289
experimental,gpt-4o/lowtemp/solution_experimental_24.py,1,289
control,gpt-4o/lowtemp/solution_control_24.py,1,289
experimental,gpt-4o/lowtemp/solution_experimental_25.py,1,308
control,gpt-4o/lowtemp/solution_control_25.py,1,289
experimental,gpt-4o/lowtemp/solution_experimental_26.py,1,664
control,gpt-4o/lowtemp/solution_control_26.py,1,289
experimental,gpt-4o/lowtemp/solution_experimental_27.py,1,664
control,gpt-4o/lowtemp/solution_control_27.py,1,289
experimental,gpt-4o/lowtemp/solution_experimental_28.py,1,289
control,gpt-4o/lowtemp/solution_control_28.py,1,289
experimental,gpt-4o/lowtemp/solution_experimental_29.py,1,710
control,gpt-4o/lowtemp/solution_control_29.py,1,289
experimental,gpt-4o/lowtemp/solution_experimental_30.py,1,289
control,gpt-4o/lowtemp/solution_control_30.py,1,289
experimental,gpt-4o/lowtemp/solution_experimental_31.py,1,668
control,gpt-4o/lowtemp/solution_control_31.py,1,289
experimental,gpt-4o/lowtemp/solution_experimental_32.py,1,289
control,gpt-4o/lowtemp/solution_control_32.py,1,289
experimental,gpt-4o/lowtemp/solution_experimental_33.py,1,289
control,gpt-4o/lowtemp/solution_control_33.py,1,289
experimental,gpt-4o/lowtemp/solution_experimental_34.py,1,289
control,gpt-4o/lowtemp/solution_control_34.py,1,289
experimental,gpt-4o/lowtemp/solution_experimental_35.py,1,289
control,gpt-4o/lowtemp/solution_control_35.py,1,289
experimental,gpt-4o/lowtemp/solution_experimental_36.py,1,289
control,gpt-4o/lowtemp/solution_control_36.py,1,289
experimental,gpt-4o/lowtemp/solution_experimental_37.py,1,289
control,gpt-4o/lowtemp/solution_control_37.py,1,289
experimental,gpt-4o/lowtemp/solution_experimental_38.py,1,664
control,gpt-4o/lowtemp/solution_control_38.py,1,289
experimental,gpt-4o/lowtemp/solution_experimental_39.py,1,289
control,gpt-4o/lowtemp/solution_control_39.py,1,289
experimental,gpt-4o/lowtemp/solution_experimental_40.py,1,668
control,gpt-4o/lowtemp/solution_control_40.py,1,289
experimental,gpt-4o/lowtemp/solution_experimental_41.py,1,668
control,gpt-4o/lowtemp/solution_control_41.py,1,289
experimental,gpt-4o/lowtemp/solution_experimental_42.py,0,
control,gpt-4o/lowtemp/solution_control_42.py,1,289
experimental,gpt-4o/lowtemp/solution_experimental_43.py,1,289
control,gpt-4o/lowtemp/solution_control_43.py,1,289
experimental,gpt-4o/lowtemp/solution_experimental_44.py,1,289
control,gpt-4o/lowtemp/solution_control_44.py,1,289
experimental,gpt-4o/lowtemp/solution_experimental_45.py,1,664
control,gpt-4o/lowtemp/solution_control_45.py,1,289
experimental,gpt-4o/lowtemp/solution_experimental_46.py,1,289
control,gpt-4o/lowtemp/solution_control_46.py,1,289
experimental,gpt-4o/lowtemp/solution_experimental_47.py,1,289
control,gpt-4o/lowtemp/solution_control_47.py,1,289
experimental,gpt-4o/lowtemp/solution_experimental_48.py,1,289
control,gpt-4o/lowtemp/solution_control_48.py,1,289
experimental,gpt-4o/lowtemp/solution_experimental_49.py,1,316
control,gpt-4o/lowtemp/solution_control_49.py,1,308
experimental,gpt-4o/lowtemp/solution_experimental_50.py,1,289
control,gpt-4o/lowtemp/solution_control_50.py,1,308
experimental,gpt-4o/lowtemp/solution_experimental_51.py,1,289
control,gpt-4o/lowtemp/solution_control_51.py,1,308
experimental,gpt-4o/lowtemp/solution_experimental_52.py,1,664
control,gpt-4o/lowtemp/solution_control_52.py,1,289
experimental,gpt-4o/lowtemp/solution_experimental_53.py,1,289
control,gpt-4o/lowtemp/solution_control_53.py,1,308
experimental,gpt-4o/lowtemp/solution_experimental_54.py,1,316
control,gpt-4o/lowtemp/solution_control_54.py,1,308
experimental,gpt-4o/lowtemp/solution_experimental_55.py,1,289
control,gpt-4o/lowtemp/solution_control_55.py,1,289
experimental,gpt-4o/lowtemp/solution_experimental_56.py,1,308
control,gpt-4o/lowtemp/solution_control_56.py,1,308
experimental,gpt-4o/lowtemp/solution_experimental_57.py,1,289
control,gpt-4o/lowtemp/solution_control_57.py,1,308
experimental,gpt-4o/lowtemp/solution_experimental_58.py,1,289
control,gpt-4o/lowtemp/solution_control_58.py,1,289
experimental,gpt-4o/lowtemp/solution_experimental_59.py,1,289
control,gpt-4o/lowtemp/solution_control_59.py,1,289
experimental,gpt-4o/lowtemp/solution_experimental_60.py,1,289
control,gpt-4o/lowtemp/solution_control_60.py,1,289
experimental,gpt-4o/lowtemp/solution_experimental_61.py,1,289
control,gpt-4o/lowtemp/solution_control_61.py,1,289
experimental,gpt-4o/lowtemp/solution_experimental_62.py,1,289
control,gpt-4o/lowtemp/solution_control_62.py,1,308
experimental,gpt-4o/lowtemp/solution_experimental_63.py,1,289
control,gpt-4o/lowtemp/solution_control_63.py,1,308
experimental,gpt-4o/lowtemp/solution_experimental_64.py,1,289
control,gpt-4o/lowtemp/solution_control_64.py,1,289
experimental,gpt-4o/lowtemp/solution_experimental_65.py,1,289
control,gpt-4o/lowtemp/solution_control_65.py,1,289
experimental,gpt-4o/lowtemp/solution_experimental_66.py,1,289
control,gpt-4o/lowtemp/solution_control_66.py,1,289
experimental,gpt-4o/lowtemp/solution_experimental_67.py,1,289
control,gpt-4o/lowtemp/solution_control_67.py,1,289
experimental,gpt-4o/lowtemp/solution_experimental_68.py,1,289
control,gpt-4o/lowtemp/solution_control_68.py,1,289
experimental,gpt-4o/lowtemp/solution_experimental_69.py,1,289
control,gpt-4o/lowtemp/solution_control_69.py,1,289
experimental,gpt-4o/lowtemp/solution_experimental_70.py,1,289
control,gpt-4o/lowtemp/solution_control_70.py,1,289
experimental,gpt-4o/lowtemp/solution_experimental_71.py,1,316
control,gpt-4o/lowtemp/solution_control_71.py,1,306
experimental,gpt-4o/lowtemp/solution_experimental_72.py,1,289
control,gpt-4o/lowtemp/solution_control_72.py,1,306
experimental,gpt-4o/lowtemp/solution_experimental_73.py,1,289
control,gpt-4o/lowtemp/solution_control_73.py,1,289
experimental,gpt-4o/lowtemp/solution_experimental_74.py,1,664
control,gpt-4o/lowtemp/solution_control_74.py,1,289
experimental,gpt-4o/lowtemp/solution_experimental_75.py,1,289
control,gpt-4o/lowtemp/solution_control_75.py,1,289
experimental,gpt-4o/lowtemp/solution_experimental_76.py,1,289
control,gpt-4o/lowtemp/solution_control_76.py,1,289
experimental,gpt-4o/lowtemp/solution_experimental_77.py,0,
control,gpt-4o/lowtemp/solution_control_77.py,1,289
experimental,gpt-4o/lowtemp/solution_experimental_78.py,1,289
control,gpt-4o/lowtemp/solution_control_78.py,1,289
experimental,gpt-4o/lowtemp/solution_experimental_79.py,1,316
control,gpt-4o/lowtemp/solution_control_79.py,1,289
experimental,gpt-4o/lowtemp/solution_experimental_80.py,1,289
control,gpt-4o/lowtemp/solution_control_80.py,1,289
experimental,gpt-4o/lowtemp/solution_experimental_81.py,1,289
control,gpt-4o/lowtemp/solution_control_81.py,1,289
experimental,gpt-4o/lowtemp/solution_experimental_82.py,1,289
control,gpt-4o/lowtemp/solution_control_82.py,1,289
experimental,gpt-4o/lowtemp/solution_experimental_83.py,1,289
control,gpt-4o/lowtemp/solution_control_83.py,1,289
experimental,gpt-4o/lowtemp/solution_experimental_84.py,1,289
control,gpt-4o/lowtemp/solution_control_84.py,1,289
experimental,gpt-4o/lowtemp/solution_experimental_85.py,1,308
control,gpt-4o/lowtemp/solution_control_85.py,1,289
experimental,gpt-4o/lowtemp/solution_experimental_86.py,1,334
control,gpt-4o/lowtemp/solution_control_86.py,1,289
experimental,gpt-4o/lowtemp/solution_experimental_87.py,1,316
control,gpt-4o/lowtemp/solution_control_87.py,1,289
experimental,gpt-4o/lowtemp/solution_experimental_88.py,1,289
control,gpt-4o/lowtemp/solution_control_88.py,1,289
experimental,gpt-4o/lowtemp/solution_experimental_89.py,1,289
control,gpt-4o/lowtemp/solution_control_89.py,1,289
experimental,gpt-4o/lowtemp/solution_experimental_90.py,1,316
control,gpt-4o/lowtemp/solution_control_90.py,1,289
experimental,gpt-4o/lowtemp/solution_experimental_91.py,1,289
control,gpt-4o/lowtemp/solution_control_91.py,1,314
experimental,gpt-4o/lowtemp/solution_experimental_92.py,1,657
control,gpt-4o/lowtemp/solution_control_92.py,1,289
experimental,gpt-4o/lowtemp/solution_experimental_93.py,1,289
control,gpt-4o/lowtemp/solution_control_93.py,1,289
experimental,gpt-4o/lowtemp/solution_experimental_94.py,1,289
control,gpt-4o/lowtemp/solution_control_94.py,1,308
experimental,gpt-4o/lowtemp/solution_experimental_95.py,1,289
control,gpt-4o/lowtemp/solution_control_95.py,1,289
experimental,gpt-4o/lowtemp/solution_experimental_96.py,1,289
control,gpt-4o/lowtemp/solution_control_96.py,1,289
experimental,gpt-4o/lowtemp/solution_experimental_97.py,1,289
control,gpt-4o/lowtemp/solution_control_97.py,1,289
experimental,gpt-4o/lowtemp/solution_experimental_98.py,1,289
control,gpt-4o/lowtemp/solution_control_98.py,1,289
experimental,gpt-4o/lowtemp/solution_experimental_99.py,1,316
control,gpt-4o/lowtemp/solution_control_99.py,1,289
experimental,gpt-4o/lowtemp/solution_experimental_100.py,1,289
control,gpt-4o/lowtemp/solution_control_100.py,1,289
